<?xml version = "1.0" encoding = "utf-8"?>
<!DOCTYPE hibernate-configuration SYSTEM 
"http://www.hibernate.org/dtd/hibernate-configuration-3.0.dtd">
<hibernate-configuration>
	<session-factory>

		<property name="hibernate.dialect">
			org.hibernate.dialect.MySQLDialect
		</property>

		<property name="hibernate.connection.driver_class">
			com.mysql.jdbc.Driver
		</property>



		<property name="hibernate.connection.url">
			jdbc:mysql://localhost/jpamanytomanyadv
		</property>

		<property name="hibernate.connection.username">
			root
		</property>

		<property name="hibernate.connection.password">
			root
		</property>

		<property name="hibernate.hbm2ddl.auto">
			update
		</property>

		<property name="hibernate.show_sql">
			true
		</property>

		<!-- List of POJO mapping files -->
		<mapping class="com.csi.jpa.Employee" />
		<mapping class="com.csi.jpa.Address" />

	</session-factory>
</hibernate-configuration>